box_id,layer,box_number,hour,risky_observations,total_observations,risk_percent
L1B1,1,1,0,0,4,0.0
L1B1,1,1,2,0,4,0.0
L1B1,1,1,4,0,4,0.0
L1B1,1,1,6,0,4,0.0
L1B1,1,1,8,0,4,0.0
L1B1,1,1,10,1,4,25.0
L1B1,1,1,12,2,4,50.0
L1B1,1,1,14,2,4,50.0
L1B1,1,1,16,4,4,100.0
L1B1,1,1,18,4,4,100.0
L1B1,1,1,20,4,4,100.0
L1B1,1,1,22,4,4,100.0
L1B1,1,1,24,4,4,100.0
L1B2,1,2,0,0,4,0.0
L1B2,1,2,2,0,4,0.0
L1B2,1,2,4,0,4,0.0
L1B2,1,2,6,0,4,0.0
L1B2,1,2,8,0,4,0.0
L1B2,1,2,10,2,4,50.0
L1B2,1,2,12,2,4,50.0
L1B2,1,2,14,3,4,75.0
L1B2,1,2,16,4,4,100.0
L1B2,1,2,18,4,4,100.0
L1B2,1,2,20,4,4,100.0
L1B2,1,2,22,4,4,100.0
L1B2,1,2,24,4,4,100.0
L1B3,1,3,0,0,4,0.0
L1B3,1,3,2,0,4,0.0
L1B3,1,3,4,0,4,0.0
L1B3,1,3,6,0,4,0.0
L1B3,1,3,8,1,4,25.0
L1B3,1,3,10,0,4,0.0
L1B3,1,3,12,3,4,75.0
L1B3,1,3,14,3,4,75.0
L1B3,1,3,16,4,4,100.0
L1B3,1,3,18,4,4,100.0
L1B3,1,3,20,4,4,100.0
L1B3,1,3,22,4,4,100.0
L1B3,1,3,24,4,4,100.0
L1B4,1,4,0,0,4,0.0
L1B4,1,4,2,0,4,0.0
L1B4,1,4,4,0,4,0.0
L1B4,1,4,6,1,4,25.0
L1B4,1,4,8,1,4,25.0
L1B4,1,4,10,2,4,50.0
L1B4,1,4,12,2,4,50.0
L1B4,1,4,14,3,4,75.0
L1B4,1,4,16,3,4,75.0
L1B4,1,4,18,3,4,75.0
L1B4,1,4,20,3,4,75.0
L1B4,1,4,22,3,4,75.0
L1B4,1,4,24,3,4,75.0
L1B5,1,5,0,0,4,0.0
L1B5,1,5,2,0,4,0.0
L1B5,1,5,4,0,4,0.0
L1B5,1,5,6,0,4,0.0
L1B5,1,5,8,0,4,0.0
L1B5,1,5,10,2,4,50.0
L1B5,1,5,12,3,4,75.0
L1B5,1,5,14,3,4,75.0
L1B5,1,5,16,4,4,100.0
L1B5,1,5,18,4,4,100.0
L1B5,1,5,20,4,4,100.0
L1B5,1,5,22,4,4,100.0
L1B5,1,5,24,4,4,100.0
L2B10,2,10,0,0,5,0.0
L2B10,2,10,2,0,5,0.0
L2B10,2,10,4,0,5,0.0
L2B10,2,10,6,0,5,0.0
L2B10,2,10,8,0,5,0.0
L2B10,2,10,10,0,5,0.0
L2B10,2,10,12,0,5,0.0
L2B10,2,10,14,0,5,0.0
L2B10,2,10,16,0,5,0.0
L2B10,2,10,18,0,5,0.0
L2B10,2,10,20,0,5,0.0
L2B10,2,10,22,0,5,0.0
L2B10,2,10,24,1,5,20.0
L2B6,2,6,0,0,5,0.0
L2B6,2,6,2,0,5,0.0
L2B6,2,6,4,0,5,0.0
L2B6,2,6,6,0,5,0.0
L2B6,2,6,8,0,5,0.0
L2B6,2,6,10,0,5,0.0
L2B6,2,6,12,0,5,0.0
L2B6,2,6,14,0,5,0.0
L2B6,2,6,16,1,5,20.0
L2B6,2,6,18,2,5,40.0
L2B6,2,6,20,3,5,60.0
L2B6,2,6,22,4,5,80.0
L2B6,2,6,24,5,5,100.0
L2B7,2,7,0,0,5,0.0
L2B7,2,7,2,0,5,0.0
L2B7,2,7,4,0,5,0.0
L2B7,2,7,6,0,5,0.0
L2B7,2,7,8,0,5,0.0
L2B7,2,7,10,0,5,0.0
L2B7,2,7,12,0,5,0.0
L2B7,2,7,14,0,5,0.0
L2B7,2,7,16,0,5,0.0
L2B7,2,7,18,0,5,0.0
L2B7,2,7,20,1,5,20.0
L2B7,2,7,22,1,5,20.0
L2B7,2,7,24,1,5,20.0
L2B8,2,8,0,0,5,0.0
L2B8,2,8,2,0,5,0.0
L2B8,2,8,4,0,5,0.0
L2B8,2,8,6,0,5,0.0
L2B8,2,8,8,0,5,0.0
L2B8,2,8,10,0,5,0.0
L2B8,2,8,12,0,5,0.0
L2B8,2,8,14,0,5,0.0
L2B8,2,8,16,0,5,0.0
L2B8,2,8,18,1,5,20.0
L2B8,2,8,20,1,5,20.0
L2B8,2,8,22,1,5,20.0
L2B8,2,8,24,1,5,20.0
L2B9,2,9,0,0,5,0.0
L2B9,2,9,2,0,5,0.0
L2B9,2,9,4,0,5,0.0
L2B9,2,9,6,0,5,0.0
L2B9,2,9,8,0,5,0.0
L2B9,2,9,10,0,5,0.0
L2B9,2,9,12,0,5,0.0
L2B9,2,9,14,0,5,0.0
L2B9,2,9,16,0,5,0.0
L2B9,2,9,18,1,5,20.0
L2B9,2,9,20,1,5,20.0
L2B9,2,9,22,2,5,40.0
L2B9,2,9,24,2,5,40.0
L3B11,3,11,0,0,5,0.0
L3B11,3,11,2,0,5,0.0
L3B11,3,11,4,0,5,0.0
L3B11,3,11,6,0,5,0.0
L3B11,3,11,8,0,5,0.0
L3B11,3,11,10,0,5,0.0
L3B11,3,11,12,0,5,0.0
L3B11,3,11,14,0,5,0.0
L3B11,3,11,16,0,5,0.0
L3B11,3,11,18,0,5,0.0
L3B11,3,11,20,1,5,20.0
L3B11,3,11,22,1,5,20.0
L3B11,3,11,24,2,5,40.0
L3B12,3,12,0,0,5,0.0
L3B12,3,12,2,0,5,0.0
L3B12,3,12,4,0,5,0.0
L3B12,3,12,6,0,5,0.0
L3B12,3,12,8,0,5,0.0
L3B12,3,12,10,0,5,0.0
L3B12,3,12,12,0,5,0.0
L3B12,3,12,14,0,5,0.0
L3B12,3,12,16,0,5,0.0
L3B12,3,12,18,0,5,0.0
L3B12,3,12,20,0,5,0.0
L3B12,3,12,22,0,5,0.0
L3B12,3,12,24,0,5,0.0
L3B13,3,13,0,0,5,0.0
L3B13,3,13,2,0,5,0.0
L3B13,3,13,4,0,5,0.0
L3B13,3,13,6,0,5,0.0
L3B13,3,13,8,0,5,0.0
L3B13,3,13,10,0,5,0.0
L3B13,3,13,12,0,5,0.0
L3B13,3,13,14,1,5,20.0
L3B13,3,13,16,2,5,40.0
L3B13,3,13,18,2,5,40.0
L3B13,3,13,20,2,5,40.0
L3B13,3,13,22,2,5,40.0
L3B13,3,13,24,3,5,60.0
L3B14,3,14,0,0,5,0.0
L3B14,3,14,2,0,5,0.0
L3B14,3,14,4,0,5,0.0
L3B14,3,14,6,0,5,0.0
L3B14,3,14,8,0,5,0.0
L3B14,3,14,10,0,5,0.0
L3B14,3,14,12,0,5,0.0
L3B14,3,14,14,0,5,0.0
L3B14,3,14,16,0,5,0.0
L3B14,3,14,18,1,5,20.0
L3B14,3,14,20,0,5,0.0
L3B14,3,14,22,0,5,0.0
L3B14,3,14,24,1,5,20.0
L3B15,3,15,0,0,5,0.0
L3B15,3,15,2,0,5,0.0
L3B15,3,15,4,0,5,0.0
L3B15,3,15,6,0,5,0.0
L3B15,3,15,8,0,5,0.0
L3B15,3,15,10,0,5,0.0
L3B15,3,15,12,0,5,0.0
L3B15,3,15,14,0,5,0.0
L3B15,3,15,16,1,5,20.0
L3B15,3,15,18,0,5,0.0
L3B15,3,15,20,1,5,20.0
L3B15,3,15,22,1,5,20.0
L3B15,3,15,24,1,5,20.0
L4B16,4,16,0,0,4,0.0
L4B16,4,16,2,0,4,0.0
L4B16,4,16,4,0,4,0.0
L4B16,4,16,6,0,4,0.0
L4B16,4,16,8,0,4,0.0
L4B16,4,16,10,0,4,0.0
L4B16,4,16,12,0,4,0.0
L4B16,4,16,14,0,4,0.0
L4B16,4,16,16,0,4,0.0
L4B16,4,16,18,1,4,25.0
L4B16,4,16,20,2,4,50.0
L4B16,4,16,22,2,4,50.0
L4B16,4,16,24,2,4,50.0
L4B17,4,17,0,0,4,0.0
L4B17,4,17,2,0,4,0.0
L4B17,4,17,4,0,4,0.0
L4B17,4,17,6,0,4,0.0
L4B17,4,17,8,0,4,0.0
L4B17,4,17,10,0,4,0.0
L4B17,4,17,12,0,4,0.0
L4B17,4,17,14,1,4,25.0
L4B17,4,17,16,2,4,50.0
L4B17,4,17,18,2,4,50.0
L4B17,4,17,20,2,4,50.0
L4B17,4,17,22,2,4,50.0
L4B17,4,17,24,3,4,75.0
L4B18,4,18,0,0,4,0.0
L4B18,4,18,2,0,4,0.0
L4B18,4,18,4,0,4,0.0
L4B18,4,18,6,0,4,0.0
L4B18,4,18,8,0,4,0.0
L4B18,4,18,10,0,4,0.0
L4B18,4,18,12,0,4,0.0
L4B18,4,18,14,1,4,25.0
L4B18,4,18,16,2,4,50.0
L4B18,4,18,18,3,4,75.0
L4B18,4,18,20,4,4,100.0
L4B18,4,18,22,4,4,100.0
L4B18,4,18,24,4,4,100.0
L4B19,4,19,0,0,4,0.0
L4B19,4,19,2,0,4,0.0
L4B19,4,19,4,0,4,0.0
L4B19,4,19,6,0,4,0.0
L4B19,4,19,8,0,4,0.0
L4B19,4,19,10,0,4,0.0
L4B19,4,19,12,0,4,0.0
L4B19,4,19,14,0,4,0.0
L4B19,4,19,16,0,4,0.0
L4B19,4,19,18,1,4,25.0
L4B19,4,19,20,1,4,25.0
L4B19,4,19,22,2,4,50.0
L4B19,4,19,24,2,4,50.0
L4B20,4,20,0,0,4,0.0
L4B20,4,20,2,0,4,0.0
L4B20,4,20,4,0,4,0.0
L4B20,4,20,6,0,4,0.0
L4B20,4,20,8,0,4,0.0
L4B20,4,20,10,0,4,0.0
L4B20,4,20,12,1,4,25.0
L4B20,4,20,14,1,4,25.0
L4B20,4,20,16,1,4,25.0
L4B20,4,20,18,2,4,50.0
L4B20,4,20,20,2,4,50.0
L4B20,4,20,22,3,4,75.0
L4B20,4,20,24,4,4,100.0
