box_id,layer,box_number,hour,x_inches,y_inches,z_inches,exposed_surfaces,mean_value,stdev_value,min_value,max_value,trial_count
L1B1,1,1,0,11.75,31.5,35.0,3,0.275,1.782086791750989,-1.4,2.5,4
L1B1,1,1,2,11.75,31.5,35.0,3,-0.35,1.6603212540549694,-2.4,1.0,4
L1B1,1,1,4,11.75,31.5,35.0,3,0.07500000000000001,1.9602295783912658,-1.9,2.0,4
L1B1,1,1,6,11.75,31.5,35.0,3,1.25,2.6083200212652846,-2.6,3.0,4
L1B1,1,1,8,11.75,31.5,35.0,3,1.725,1.6028620235898867,0.1,3.2,4
L1B1,1,1,10,11.75,31.5,35.0,3,3.375,0.7135591542869217,2.8,4.4,4
L1B1,1,1,12,11.75,31.5,35.0,3,3.95,0.9539392014169458,2.9,4.9,4
L1B1,1,1,14,11.75,31.5,35.0,3,4.225,0.51234753829798,3.7,4.8,4
L1B1,1,1,16,11.75,31.5,35.0,3,5.375,0.5678908345800273,4.9,6.2,4
L1B1,1,1,18,11.75,31.5,35.0,3,6.25,0.8582928793055823,5.0,6.9,4
L1B1,1,1,20,11.75,31.5,35.0,3,6.875,0.9810708435174289,5.9,8.1,4
L1B1,1,1,22,11.75,31.5,35.0,3,6.449999999999999,1.752141546793523,4.3,8.2,4
L1B1,1,1,24,11.75,31.5,35.0,3,7.25,0.9882644720249062,5.8,8.0,4
L1B2,1,2,0,35.25,31.5,35.0,3,0.5750000000000001,1.682012683265696,-1.0,2.6,4
L1B2,1,2,2,35.25,31.5,35.0,3,0.2,1.5599145275730122,-1.2,1.6,4
L1B2,1,2,4,35.25,31.5,35.0,3,0.5249999999999999,1.8264263832230778,-1.7,2.3,4
L1B2,1,2,6,35.25,31.5,35.0,3,1.625,1.3598406769422169,0.0,3.1,4
L1B2,1,2,8,35.25,31.5,35.0,3,1.95,1.7823205847059802,-0.5,3.5,4
L1B2,1,2,10,35.25,31.5,35.0,3,3.35,1.571623364550171,1.3,5.0,4
L1B2,1,2,12,35.25,31.5,35.0,3,4.1,0.9092121131323904,3.1,5.3,4
L1B2,1,2,14,35.25,31.5,35.0,3,4.55,1.6196707484341792,2.4,5.8,4
L1B2,1,2,16,35.25,31.5,35.0,3,5.525,1.090489186863706,4.1,6.7,4
L1B2,1,2,18,35.25,31.5,35.0,3,6.4,1.104536101718726,5.4,7.5,4
L1B2,1,2,20,35.25,31.5,35.0,3,6.675,0.65,6.1,7.6,4
L1B2,1,2,22,35.25,31.5,35.0,3,6.725,2.0483733383671376,4.0,8.4,4
L1B2,1,2,24,35.25,31.5,35.0,3,7.324999999999999,0.8015609770940699,6.3,8.1,4
L1B3,1,3,0,8.0,11.75,35.0,3,-0.175,0.7499999999999999,-1.2,0.6,4
L1B3,1,3,2,8.0,11.75,35.0,3,-0.125,0.5737304826019501,-0.9,0.4,4
L1B3,1,3,4,8.0,11.75,35.0,3,0.975,2.223173407541571,-1.9,3.5,4
L1B3,1,3,6,8.0,11.75,35.0,3,0.6,1.2463279397226612,-1.1,1.9,4
L1B3,1,3,8,8.0,11.75,35.0,3,2.55,3.480900266693469,-1.8,6.6,4
L1B3,1,3,10,8.0,11.75,35.0,3,2.1,2.1756225162774294,-1.0,3.8,4
L1B3,1,3,12,8.0,11.75,35.0,3,5.85,3.183813227352802,2.3,10.0,4
L1B3,1,3,14,8.0,11.75,35.0,3,6.225,3.933086150425219,3.2,12.0,4
L1B3,1,3,16,8.0,11.75,35.0,3,7.0249999999999995,2.9915157807818207,4.1,11.2,4
L1B3,1,3,18,8.0,11.75,35.0,3,5.7,1.1045361017187263,4.1,6.6,4
L1B3,1,3,20,8.0,11.75,35.0,3,7.1,2.8774989139876315,5.0,11.2,4
L1B3,1,3,22,8.0,11.75,35.0,3,5.85,1.1789826122551597,4.7,7.1,4
L1B3,1,3,24,8.0,11.75,35.0,3,7.575,3.144704543620381,5.1,11.9,4
L1B4,1,4,0,24.0,11.75,35.0,2,-0.875,0.6020797289396148,-1.4,-0.1,4
L1B4,1,4,2,24.0,11.75,35.0,2,-1.25,0.8062257748298548,-1.9,-0.1,4
L1B4,1,4,4,24.0,11.75,35.0,2,-0.5,2.2286019533929036,-1.9,2.8,4
L1B4,1,4,6,24.0,11.75,35.0,2,1.1500000000000001,3.345145736735546,-2.1,4.9,4
L1B4,1,4,8,24.0,11.75,35.0,2,1.475,3.623419195548131,-1.7,6.2,4
L1B4,1,4,10,24.0,11.75,35.0,2,2.5250000000000004,3.271467560591118,-0.6,5.4,4
L1B4,1,4,12,24.0,11.75,35.0,2,4.275,4.099898372724215,-0.6,8.8,4
L1B4,1,4,14,24.0,11.75,35.0,2,4.35,2.6083200212652846,0.7,6.7,4
L1B4,1,4,16,24.0,11.75,35.0,2,5.775,3.0346608816582235,2.1,9.4,4
L1B4,1,4,18,24.0,11.75,35.0,2,5.825,2.526361019331956,2.2,7.9,4
L1B4,1,4,20,24.0,11.75,35.0,2,6.775,2.6762847382145267,3.7,10.0,4
L1B4,1,4,22,24.0,11.75,35.0,2,6.4,2.0704266871026045,3.7,8.5,4
L1B4,1,4,24,24.0,11.75,35.0,2,7.4,2.8855964143772197,3.7,10.7,4
L1B5,1,5,0,40.0,11.75,35.0,3,-0.55,0.9609023536933049,-1.4,0.7,4
L1B5,1,5,2,40.0,11.75,35.0,3,-0.5,1.2055427546683415,-1.8,0.8,4
L1B5,1,5,4,40.0,11.75,35.0,3,-0.2,1.606237840420901,-2.0,1.3,4
L1B5,1,5,6,40.0,11.75,35.0,3,1.025,1.4314910641239318,-0.7,2.8,4
L1B5,1,5,8,40.0,11.75,35.0,3,1.875,1.7576025337563288,-0.3,3.4,4
L1B5,1,5,10,40.0,11.75,35.0,3,3.45,1.5885003409925138,1.3,4.7,4
L1B5,1,5,12,40.0,11.75,35.0,3,4.625,0.6551081335677852,3.8,5.4,4
L1B5,1,5,14,40.0,11.75,35.0,3,4.875,1.0657548185832115,3.4,5.9,4
L1B5,1,5,16,40.0,11.75,35.0,3,5.45,0.9469248474227853,4.7,6.8,4
L1B5,1,5,18,40.0,11.75,35.0,3,6.2,1.0739335795724674,4.9,7.5,4
L1B5,1,5,20,40.0,11.75,35.0,3,6.475,0.8578072821638516,5.7,7.7,4
L1B5,1,5,22,40.0,11.75,35.0,3,6.925,1.5129992289048484,4.8,8.3,4
L1B5,1,5,24,40.0,11.75,35.0,3,7.575,0.537742193496723,7.0,8.3,4
L2B10,2,10,0,40.0,27.75,25.0,2,-1.0,0.14142135623730953,-1.1,-0.8,5
L2B10,2,10,2,40.0,27.75,25.0,2,-0.9400000000000001,0.18165902124584954,-1.1,-0.7,5
L2B10,2,10,4,40.0,27.75,25.0,2,-0.6599999999999999,0.7266360849833979,-1.2,0.6,5
L2B10,2,10,6,40.0,27.75,25.0,2,-0.82,0.3563705936241091,-1.2,-0.3,5
L2B10,2,10,8,40.0,27.75,25.0,2,-0.3,1.11579568022107,-1.1,1.6,5
L2B10,2,10,10,40.0,27.75,25.0,2,-0.52,0.5890670590009257,-1.3,0.2,5
L2B10,2,10,12,40.0,27.75,25.0,2,0.56,1.2054044964243331,-0.9,2.2,5
L2B10,2,10,14,40.0,27.75,25.0,2,0.22000000000000003,0.6058052492344383,-0.7,0.9,5
L2B10,2,10,16,40.0,27.75,25.0,2,1.3,0.9192388155425116,0.3,2.8,5
L2B10,2,10,18,40.0,27.75,25.0,2,1.52,1.1300442469213319,0.4,3.4,5
L2B10,2,10,20,40.0,27.75,25.0,2,2.32,0.6260990336999411,1.8,3.1,5
L2B10,2,10,22,40.0,27.75,25.0,2,2.2800000000000002,0.32710854467592243,1.8,2.6,5
L2B10,2,10,24,40.0,27.75,25.0,2,3.22,0.9093954035511727,2.6,4.7,5
L2B6,2,6,0,11.75,8.0,25.0,2,-0.54,0.8203657720797474,-1.2,0.7,5
L2B6,2,6,2,11.75,8.0,25.0,2,-0.58,0.8012490249604052,-1.2,0.6,5
L2B6,2,6,4,11.75,8.0,25.0,2,0.08000000000000003,0.8497058314499202,-0.9,1.1,5
L2B6,2,6,6,11.75,8.0,25.0,2,0.33999999999999997,0.960728889958036,-1.1,1.1,5
L2B6,2,6,8,11.75,8.0,25.0,2,0.8,1.1489125293076057,-0.6,2.1,5
L2B6,2,6,10,11.75,8.0,25.0,2,1.2399999999999998,1.248198702130394,-0.9,2.3,5
L2B6,2,6,12,11.75,8.0,25.0,2,2.12,1.0568822072492279,0.3,2.8,5
L2B6,2,6,14,11.75,8.0,25.0,2,2.54,0.9607288899580361,1.2,3.5,5
L2B6,2,6,16,11.75,8.0,25.0,2,3.4200000000000004,1.1189280584559493,2.2,4.9,5
L2B6,2,6,18,11.75,8.0,25.0,2,4.0,0.997496867163,2.9,5.6,5
L2B6,2,6,20,11.75,8.0,25.0,2,4.6,1.2942179105544782,3.6,6.8,5
L2B6,2,6,22,11.75,8.0,25.0,2,4.720000000000001,1.4669696656713798,3.1,7.1,5
L2B6,2,6,24,11.75,8.0,25.0,2,5.7,1.4124446891825533,4.6,8.1,5
L2B7,2,7,0,35.25,8.0,25.0,1,-0.9400000000000001,0.5319774431308155,-1.3,0.0,5
L2B7,2,7,2,35.25,8.0,25.0,1,-1.1400000000000001,0.19493588689617924,-1.4,-0.9,5
L2B7,2,7,4,35.25,8.0,25.0,1,-0.9800000000000001,0.23874672772626646,-1.2,-0.6,5
L2B7,2,7,6,35.25,8.0,25.0,1,-1.04,0.11401754250991379,-1.2,-0.9,5
L2B7,2,7,8,35.25,8.0,25.0,1,-0.8400000000000001,0.3361547262794322,-1.2,-0.3,5
L2B7,2,7,10,35.25,8.0,25.0,1,-0.78,0.5019960159204453,-1.1,0.1,5
L2B7,2,7,12,35.25,8.0,25.0,1,-0.14000000000000004,1.1371015785759864,-1.1,1.7,5
L2B7,2,7,14,35.25,8.0,25.0,1,0.019999999999999973,1.1541230437002807,-1.0,2.0,5
L2B7,2,7,16,35.25,8.0,25.0,1,0.6799999999999999,1.5514509338035798,-0.5,3.4,5
L2B7,2,7,18,35.25,8.0,25.0,1,1.22,1.6783920876839236,-0.5,3.8,5
L2B7,2,7,20,35.25,8.0,25.0,1,1.7600000000000002,1.8392933425639317,0.2,4.9,5
L2B7,2,7,22,35.25,8.0,25.0,1,1.94,1.8474306482247171,0.3,5.1,5
L2B7,2,7,24,35.25,8.0,25.0,1,2.8,2.1189620100417095,0.4,5.9,5
L2B8,2,8,0,8.0,27.75,25.0,2,-0.9400000000000001,0.27018512172212594,-1.2,-0.5,5
L2B8,2,8,2,8.0,27.75,25.0,2,-1.04,0.1949358868961793,-1.2,-0.7,5
L2B8,2,8,4,8.0,27.75,25.0,2,-0.8400000000000001,0.24083189157584595,-1.1,-0.6,5
L2B8,2,8,6,8.0,27.75,25.0,2,-0.9600000000000002,0.2792848008753788,-1.2,-0.5,5
L2B8,2,8,8,8.0,27.75,25.0,2,-0.62,0.5019960159204454,-1.1,-0.1,5
L2B8,2,8,10,8.0,27.75,25.0,2,-0.54,0.6949820141557621,-1.2,0.3,5
L2B8,2,8,12,8.0,27.75,25.0,2,0.22000000000000003,1.0329569206893383,-1.2,1.5,5
L2B8,2,8,14,8.0,27.75,25.0,2,0.4600000000000001,1.4449913494550752,-1.2,2.5,5
L2B8,2,8,16,8.0,27.75,25.0,2,1.26,1.6226521500309299,-0.6,3.5,5
L2B8,2,8,18,8.0,27.75,25.0,2,1.86,1.7472836060582722,-0.6,4.3,5
L2B8,2,8,20,8.0,27.75,25.0,2,2.44,1.6577092628081682,0.9,4.9,5
L2B8,2,8,22,8.0,27.75,25.0,2,2.9,1.6867127793433003,1.1,5.4,5
L2B8,2,8,24,8.0,27.75,25.0,2,3.72,1.3809417076763233,1.8,5.7,5
L2B9,2,9,0,24.0,27.75,25.0,2,-0.9199999999999999,0.30331501776206204,-1.2,-0.6,5
L2B9,2,9,2,24.0,27.75,25.0,2,-0.8800000000000001,0.2863564212655271,-1.2,-0.5,5
L2B9,2,9,4,24.0,27.75,25.0,2,-0.64,0.43358966777357605,-1.1,-0.1,5
L2B9,2,9,6,24.0,27.75,25.0,2,-0.3,1.0124228365658294,-1.1,1.3,5
L2B9,2,9,8,24.0,27.75,25.0,2,-0.2,0.8276472678623424,-1.1,0.8,5
L2B9,2,9,10,24.0,27.75,25.0,2,0.19999999999999996,1.1895377253370318,-1.1,1.4,5
L2B9,2,9,12,24.0,27.75,25.0,2,0.74,1.820164827701052,-1.1,3.1,5
L2B9,2,9,14,24.0,27.75,25.0,2,0.9400000000000001,1.6486357996840904,-0.9,2.8,5
L2B9,2,9,16,24.0,27.75,25.0,2,1.46,1.7501428513124293,-0.9,3.3,5
L2B9,2,9,18,24.0,27.75,25.0,2,2.0200000000000005,2.3857912733514643,-0.9,5.4,5
L2B9,2,9,20,24.0,27.75,25.0,2,2.4,2.230470802319546,-0.8,5.1,5
L2B9,2,9,22,24.0,27.75,25.0,2,2.52,1.759829537199555,-0.2,4.1,5
L2B9,2,9,24,24.0,27.75,25.0,2,3.38,1.9854470529329153,0.8,6.1,5
L3B11,3,11,0,11.75,8.0,15.0,2,-0.6799999999999999,0.33466401061363027,-0.9,-0.1,5
L3B11,3,11,2,11.75,8.0,15.0,2,-0.8800000000000001,0.2863564212655271,-1.1,-0.4,5
L3B11,3,11,4,11.75,8.0,15.0,2,-0.5599999999999999,0.6107372593840988,-1.2,0.4,5
L3B11,3,11,6,11.75,8.0,15.0,2,-0.48,0.6418722614352484,-1.1,0.5,5
L3B11,3,11,8,11.75,8.0,15.0,2,-0.3,1.42828568570857,-1.7,2.1,5
L3B11,3,11,10,11.75,8.0,15.0,2,0.20000000000000004,1.3693063937629153,-0.7,2.6,5
L3B11,3,11,12,11.75,8.0,15.0,2,0.6,1.8069310999592652,-1.7,3.0,5
L3B11,3,11,14,11.75,8.0,15.0,2,0.7,1.6140012391568972,-0.7,3.4,5
L3B11,3,11,16,11.75,8.0,15.0,2,1.06,1.939845354661036,-1.6,3.6,5
L3B11,3,11,18,11.75,8.0,15.0,2,1.6,1.620185174601965,-0.3,3.4,5
L3B11,3,11,20,11.75,8.0,15.0,2,1.8,1.8920887928424504,-0.8,4.2,5
L3B11,3,11,22,11.75,8.0,15.0,2,2.2399999999999998,1.4791889669680478,0.6,4.5,5
L3B11,3,11,24,11.75,8.0,15.0,2,2.7800000000000002,1.9305439647933433,0.2,4.9,5
L3B12,3,12,0,35.25,8.0,15.0,2,-0.64,0.19493588689617927,-0.9,-0.4,5
L3B12,3,12,2,35.25,8.0,15.0,2,-0.8,0.22360679774997902,-1.1,-0.5,5
L3B12,3,12,4,35.25,8.0,15.0,2,-0.6,0.552268050859363,-1.2,0.3,5
L3B12,3,12,6,35.25,8.0,15.0,2,-0.6,0.39999999999999997,-0.9,0.1,5
L3B12,3,12,8,35.25,8.0,15.0,2,-0.4600000000000001,0.9289779329994874,-1.6,0.9,5
L3B12,3,12,10,35.25,8.0,15.0,2,-0.3,0.8366600265340756,-1.0,1.1,5
L3B12,3,12,12,35.25,8.0,15.0,2,-0.13999999999999999,1.3352902306240393,-1.7,1.8,5
L3B12,3,12,14,35.25,8.0,15.0,2,0.05999999999999996,1.1414902540100813,-1.0,1.9,5
L3B12,3,12,16,35.25,8.0,15.0,2,0.45999999999999996,1.500999666888704,-1.6,2.5,5
L3B12,3,12,18,35.25,8.0,15.0,2,0.8800000000000001,1.2235195135346228,-0.8,2.6,5
L3B12,3,12,20,35.25,8.0,15.0,2,1.02,1.6902662512160622,-1.5,3.1,5
L3B12,3,12,22,35.25,8.0,15.0,2,1.34,1.4518953130305228,-0.6,3.3,5
L3B12,3,12,24,35.25,8.0,15.0,2,1.72,1.9253571097331528,-1.4,3.9,5
L3B13,3,13,0,8.0,27.75,15.0,2,-0.72,0.4969909455915671,-1.2,0.1,5
L3B13,3,13,2,8.0,27.75,15.0,2,-0.86,0.4878524367060187,-1.2,0.0,5
L3B13,3,13,4,8.0,27.75,15.0,2,-0.5,0.9695359714832658,-1.1,1.2,5
L3B13,3,13,6,8.0,27.75,15.0,2,-0.48,0.9038805230781334,-1.1,1.1,5
L3B13,3,13,8,8.0,27.75,15.0,2,0.0,1.2708265027138834,-1.1,1.7,5
L3B13,3,13,10,8.0,27.75,15.0,2,0.42000000000000004,1.4973309587395833,-1.2,2.0,5
L3B13,3,13,12,8.0,27.75,15.0,2,1.1600000000000001,2.021880312976018,-1.2,3.2,5
L3B13,3,13,14,8.0,27.75,15.0,2,1.58,2.7362382937163936,-1.5,4.3,5
L3B13,3,13,16,8.0,27.75,15.0,2,2.2399999999999998,2.9022405138099776,-0.9,5.0,5
L3B13,3,13,18,8.0,27.75,15.0,2,2.96,2.976239237695787,-0.9,6.3,5
L3B13,3,13,20,8.0,27.75,15.0,2,3.34,3.14133729484753,0.0,6.6,5
L3B13,3,13,22,8.0,27.75,15.0,2,3.7600000000000002,3.4939948483075933,0.2,7.7,5
L3B13,3,13,24,8.0,27.75,15.0,2,4.54,3.0517208260258673,0.5,7.6,5
L3B14,3,14,0,24.0,27.75,15.0,1,-0.76,0.11401754250991386,-0.9,-0.6,5
L3B14,3,14,2,24.0,27.75,15.0,1,-0.82,0.1788854381999832,-1.0,-0.6,5
L3B14,3,14,4,24.0,27.75,15.0,1,-0.64,0.37815340802378067,-1.0,-0.1,5
L3B14,3,14,6,24.0,27.75,15.0,1,-0.34,0.920869154657707,-0.8,1.3,5
L3B14,3,14,8,24.0,27.75,15.0,1,-0.6,0.5147815070493501,-1.1,0.2,5
L3B14,3,14,10,24.0,27.75,15.0,1,-0.3,0.940744386111339,-0.9,1.3,5
L3B14,3,14,12,24.0,27.75,15.0,1,-0.12000000000000002,1.3084341787036902,-1.1,2.0,5
L3B14,3,14,14,24.0,27.75,15.0,1,-0.1,1.176860229593982,-0.9,1.8,5
L3B14,3,14,16,24.0,27.75,15.0,1,0.0,1.40356688476182,-1.1,2.1,5
L3B14,3,14,18,24.0,27.75,15.0,1,0.45999999999999996,2.1419617176784462,-0.9,4.1,5
L3B14,3,14,20,24.0,27.75,15.0,1,0.44000000000000006,1.887591057406238,-1.0,3.5,5
L3B14,3,14,22,24.0,27.75,15.0,1,0.45999999999999996,1.5372052563011875,-0.9,2.8,5
L3B14,3,14,24,24.0,27.75,15.0,1,1.18,2.3199137915017447,-0.9,4.8,5
L3B15,3,15,0,40.0,27.75,15.0,2,-0.52,0.47644516998286385,-0.9,0.0,5
L3B15,3,15,2,40.0,27.75,15.0,2,-0.38,0.807465169527454,-1.0,0.6,5
L3B15,3,15,4,40.0,27.75,15.0,2,0.039999999999999994,1.2541929676090517,-0.9,2.0,5
L3B15,3,15,6,40.0,27.75,15.0,2,0.05999999999999996,0.907193474403338,-0.9,1.4,5
L3B15,3,15,8,40.0,27.75,15.0,2,0.41999999999999993,1.5433729296576377,-1.1,2.8,5
L3B15,3,15,10,40.0,27.75,15.0,2,0.5,1.298075498574717,-0.9,2.3,5
L3B15,3,15,12,40.0,27.75,15.0,2,1.06,1.6786899654194636,-1.0,3.6,5
L3B15,3,15,14,40.0,27.75,15.0,2,1.04,1.5388307249337076,-0.8,3.2,5
L3B15,3,15,16,40.0,27.75,15.0,2,1.4600000000000002,1.9217179813906098,-0.9,4.2,5
L3B15,3,15,18,40.0,27.75,15.0,2,1.64,1.6195678435928518,-0.9,3.5,5
L3B15,3,15,20,40.0,27.75,15.0,2,2.06,2.0839865642561133,-0.8,4.7,5
L3B15,3,15,22,40.0,27.75,15.0,2,2.02,1.9070920271449932,-0.7,4.1,5
L3B15,3,15,24,40.0,27.75,15.0,2,2.88,2.2342784070030306,-0.7,5.3,5
L4B16,4,16,0,11.75,8.0,5.0,3,-0.425,0.30956959368344517,-0.7,0.0,4
L4B16,4,16,2,11.75,8.0,5.0,3,-0.625,0.09574271077563379,-0.7,-0.5,4
L4B16,4,16,4,11.75,8.0,5.0,3,-0.44999999999999996,0.23804761428476165,-0.7,-0.2,4
L4B16,4,16,6,11.75,8.0,5.0,3,-0.425,0.38622100754188227,-0.8,0.1,4
L4B16,4,16,8,11.75,8.0,5.0,3,-0.15000000000000002,0.3109126351029605,-0.5,0.2,4
L4B16,4,16,10,11.75,8.0,5.0,3,0.375,0.921502396451939,-0.7,1.5,4
L4B16,4,16,12,11.75,8.0,5.0,3,0.6749999999999999,1.0996211468804455,-0.6,1.9,4
L4B16,4,16,14,11.75,8.0,5.0,3,1.2,1.4071247279470287,-0.3,2.8,4
L4B16,4,16,16,11.75,8.0,5.0,3,2.025,1.558578412100805,0.0,3.6,4
L4B16,4,16,18,11.75,8.0,5.0,3,2.75,1.7710637105046974,0.8,4.7,4
L4B16,4,16,20,11.75,8.0,5.0,3,3.425,1.7708284313657645,1.2,4.9,4
L4B16,4,16,22,11.75,8.0,5.0,3,4.25,1.6842406795546376,2.7,5.9,4
L4B16,4,16,24,11.75,8.0,5.0,3,4.625,1.8391574157749522,2.9,6.5,4
L4B17,4,17,0,35.25,8.0,5.0,3,-0.2,0.48304589153964794,-0.6,0.5,4
L4B17,4,17,2,35.25,8.0,5.0,3,-0.32499999999999996,0.20615528128088298,-0.6,-0.1,4
L4B17,4,17,4,35.25,8.0,5.0,3,0.049999999999999996,0.42031734043061636,-0.4,0.6,4
L4B17,4,17,6,35.25,8.0,5.0,3,0.125,0.5560275772537425,-0.5,0.8,4
L4B17,4,17,8,35.25,8.0,5.0,3,0.7250000000000001,0.8180260794538684,0.0,1.7,4
L4B17,4,17,10,35.25,8.0,5.0,3,1.1,1.2622730819174324,-0.2,2.5,4
L4B17,4,17,12,35.25,8.0,5.0,3,2.05,1.2396235987858035,0.5,3.1,4
L4B17,4,17,14,35.25,8.0,5.0,3,2.3,1.489966442575134,1.0,4.0,4
L4B17,4,17,16,35.25,8.0,5.0,3,3.5,1.0801234497346435,2.3,4.6,4
L4B17,4,17,18,35.25,8.0,5.0,3,3.75,1.5242484486898233,2.5,5.6,4
L4B17,4,17,20,35.25,8.0,5.0,3,4.8,1.2247448713915892,3.6,6.0,4
L4B17,4,17,22,35.25,8.0,5.0,3,4.975,1.5692354826475217,3.5,6.7,4
L4B17,4,17,24,35.25,8.0,5.0,3,5.575,1.664081328140745,3.7,7.3,4
L4B18,4,18,0,8.0,27.75,5.0,3,-0.32499999999999996,0.3862210075418822,-0.7,0.1,4
L4B18,4,18,2,8.0,27.75,5.0,3,-0.425,0.41932485418030413,-0.7,0.2,4
L4B18,4,18,4,8.0,27.75,5.0,3,0.04999999999999999,1.0214368964029708,-0.8,1.5,4
L4B18,4,18,6,8.0,27.75,5.0,3,0.04999999999999993,0.9574271077563381,-0.8,1.4,4
L4B18,4,18,8,8.0,27.75,5.0,3,0.875,1.181453906563152,-0.2,2.4,4
L4B18,4,18,10,8.0,27.75,5.0,3,1.45,1.0503967504392486,0.0,2.4,4
L4B18,4,18,12,8.0,27.75,5.0,3,2.7249999999999996,1.0874281585465773,1.8,3.9,4
L4B18,4,18,14,8.0,27.75,5.0,3,3.125,1.4080127840328722,1.9,5.0,4
L4B18,4,18,16,8.0,27.75,5.0,3,4.45,1.2819256348686272,3.3,6.0,4
L4B18,4,18,18,8.0,27.75,5.0,3,4.85,1.7000000000000002,3.2,7.2,4
L4B18,4,18,20,8.0,27.75,5.0,3,5.825,1.5521490478258415,4.2,7.9,4
L4B18,4,18,22,8.0,27.75,5.0,3,6.25,1.907004632051707,4.0,8.6,4
L4B18,4,18,24,8.0,27.75,5.0,3,6.875,2.003954423966108,4.3,9.1,4
L4B19,4,19,0,24.0,27.75,5.0,2,-0.675,0.12583057392117916,-0.8,-0.5,4
L4B19,4,19,2,24.0,27.75,5.0,2,-0.775,0.05000000000000005,-0.8,-0.7,4
L4B19,4,19,4,24.0,27.75,5.0,2,-0.725,0.17078251276599335,-0.9,-0.5,4
L4B19,4,19,6,24.0,27.75,5.0,2,-0.75,0.05773502691896263,-0.8,-0.7,4
L4B19,4,19,8,24.0,27.75,5.0,2,-0.7,0.14142135623730956,-0.8,-0.5,4
L4B19,4,19,10,24.0,27.75,5.0,2,-0.675,0.35939764421413045,-1.2,-0.4,4
L4B19,4,19,12,24.0,27.75,5.0,2,-0.4,0.7527726527090811,-1.3,0.4,4
L4B19,4,19,14,24.0,27.75,5.0,2,0.0,0.8906926143924925,-1.0,0.8,4
L4B19,4,19,16,24.0,27.75,5.0,2,0.9249999999999999,1.7075811352124188,-0.7,2.4,4
L4B19,4,19,18,24.0,27.75,5.0,2,1.625,2.2096379793984355,-0.8,4.0,4
L4B19,4,19,20,24.0,27.75,5.0,2,2.45,2.4839484696748437,-0.3,5.1,4
L4B19,4,19,22,24.0,27.75,5.0,2,3.075,2.596632434519757,0.0,6.0,4
L4B19,4,19,24,24.0,27.75,5.0,2,3.8000000000000003,2.8343135559308417,0.0,6.7,4
L4B20,4,20,0,40.0,27.75,5.0,3,-0.375,0.3201562118716424,-0.6,0.1,4
L4B20,4,20,2,40.0,27.75,5.0,3,-0.425,0.49916597106239785,-0.8,0.3,4
L4B20,4,20,4,40.0,27.75,5.0,3,0.22500000000000003,0.9358596760910972,-0.5,1.6,4
L4B20,4,20,6,40.0,27.75,5.0,3,0.5,1.0677078252031311,-0.1,2.1,4
L4B20,4,20,8,40.0,27.75,5.0,3,1.25,1.347837774610382,0.3,3.2,4
L4B20,4,20,10,40.0,27.75,5.0,3,1.7000000000000002,1.267543556122103,0.6,3.5,4
L4B20,4,20,12,40.0,27.75,5.0,3,2.375,1.7231270024773762,1.1,4.9,4
L4B20,4,20,14,40.0,27.75,5.0,3,2.875,1.4430869689661814,1.5,4.9,4
L4B20,4,20,16,40.0,27.75,5.0,3,3.425,1.8136059844041832,2.1,6.1,4
L4B20,4,20,18,40.0,27.75,5.0,3,3.8,1.783255450012701,2.3,6.2,4
L4B20,4,20,20,40.0,27.75,5.0,3,4.6,1.7511900715418263,3.2,7.0,4
L4B20,4,20,22,40.0,27.75,5.0,3,5.15,1.484362938547488,3.9,7.0,4
L4B20,4,20,24,40.0,27.75,5.0,3,5.775,1.4660036380127666,4.4,7.6,4
